<?xml version="1.0" encoding="UTF-8"?>
<project-private xmlns="http://www.netbeans.org/ns/project-private/1">
    <editor-bookmarks xmlns="http://www.netbeans.org/ns/editor-bookmarks/2" lastBookmarkId="0"/>
    <open-files xmlns="http://www.netbeans.org/ns/projectui-open-files/2">
        <group>
            <file>file:/C:/Users/User/Documents/NetBeansProjects/DCDNHS%20AUTOMATED%20VOTING%20SYSTEM/src/dcdnhs/automated/voting/system/Voter.java</file>
            <file>file:/C:/Users/User/Documents/NetBeansProjects/DCDNHS%20AUTOMATED%20VOTING%20SYSTEM/src/dcdnhs/automated/voting/system/Result.java</file>
            <file>file:/C:/Users/User/Documents/NetBeansProjects/DCDNHS%20AUTOMATED%20VOTING%20SYSTEM/src/dcdnhs/automated/voting/system/Login.java</file>
        </group>
    </open-files>
</project-private>
